Entity,Code,Year,Self-harm,Exposure to forces of nature,Conflict and terrorism,Interpersonal violence,Neglected tropical diseases and malaria,Substance use disorders,Skin and subcutaneous diseases,Enteric infections,Diabetes and kidney diseases,Cardiovascular diseases,Digestive diseases,Nutritional deficiencies,Respiratory infections and tuberculosis,Neonatal disorders,Chronic respiratory diseases,Other non-communicable diseases,Maternal disorders,Unintentional injuries,Musculoskeletal disorders,Neoplasms,Mental disorders,Neurological disorders,HIV/AIDS and sexually transmitted infections,Transport injuries,Sense organ diseases
Afghanistan,AFG,1990,0.305873841,0.007185233,3.68898017,0.829298893,1.118337777,0.187689996,0.415665285,3.45879969,1.779317849,10.2234384,1.622300188,2.02079963,18.19904761,12.0231887,1.64018191,11.93743793,1.347937072,3.807512082,0.937570094,3.269980685,1.696670483,1.283453397,0.121301906,2.375831295,0.646458675
Albania,ALB,1990,0.727058706,0.003906364,0,1.340764168,0.205934699,0.812691271,1.6073385,1.473889022,1.786074299,14.9384652,3.378447277,1.727565492,15.60484977,8.740127989,2.564181549,7.29148089,0.217893786,7.617998246,4.265274497,8.203190226,4.34094201,4.160703498,0.133844969,3.332502638,1.65437205
Algeria,DZA,1992,0.870405468,0.054990965,0.360421778,0.432871069,0.234701059,0.427132089,1.162395359,2.710931203,2.31700192,14.86010914,1.762230832,1.624697611,5.873327519,16.27289169,1.788165652,13.83012096,0.97648301,5.070910247,3.071167034,3.879406565,4.730693789,2.981743294,0.215314715,8.926415991,1.429190889
American Samoa,ASM,1990,1.370136419,0,0,1.769322188,0.906831753,0.810316717,2.783561603,1.71986837,7.923787637,15.89077833,2.832200036,2.518641424,4.681245555,9.148343719,4.42008189,6.393186783,0.375741431,6.099719164,5.003497722,7.370611492,4.550356444,3.419115155,1.96793794,3.110849975,1.927680842
Andorra,AND,1990,2.217998876,0,0,0.386938013,0.014283726,2.027437563,2.996651499,0.274624956,2.382362092,11.62718968,2.998005732,0.502273656,1.50890196,1.391416676,4.482704879,7.277788734,0.025717624,5.001544948,10.59199975,21.07189629,9.629759712,6.088692819,0.624698059,4.420091867,1.838700805
Angola,AGO,1993,0.344512732,0,6.496319055,0.255949836,5.747405951,0.156793649,0.404109962,20.71293945,0.853600996,2.865682459,1.5001505,7.295176335,18.34777147,9.677085684,0.979316993,3.817680642,0.775991183,2.211349564,0.582965878,1.408204518,1.291706225,0.842521844,1.324125747,2.929994923,0.384118733
Antigua and Barbuda,ATG,1993,0.392453198,0.003152382,0.002937665,1.024508418,0.464574324,1.703957083,2.16816223,1.038275178,8.781567578,19.37634533,3.378505707,2.109104519,3.538923074,6.301723841,1.685671992,6.983693095,0.156293338,6.279629064,4.924888902,10.68431309,5.768496092,5.211234629,2.169667468,2.353007713,2.488175555
Argentina,ARG,1990,1.130410516,0.010886782,0.163586168,1.237655493,0.689299719,1.386740629,1.910032827,0.897179855,3.903920098,19.78365613,3.54743477,1.656355846,3.496757603,8.448434077,3.231774476,7.402757435,0.2917223,6.535305062,6.318621577,13.87955183,5.316918726,3.040201581,0.390208326,2.692652042,1.809589494
Armenia,ARM,1990,0.431043098,1.308726057,0.135457627,0.969977315,0.237443208,1.339543808,1.637628582,3.305503984,2.117212622,19.45476974,2.889071608,1.291367144,8.763123362,9.693451687,2.506051142,7.240053324,0.182762113,10.53027199,3.532310277,11.39015234,3.959784871,3.009950899,0.076023292,2.968603272,1.934180775
Australia,AUS,1990,2.460946049,0.01735931,0.002681509,0.728813873,0.031385422,2.514495837,2.316099971,0.175164836,2.461085565,20.12438569,2.437124007,0.433112023,1.164200762,2.27229971,5.272569197,6.695783844,0.050897254,6.26579496,8.457298769,16.01818121,8.738003226,4.65262604,0.467245469,3.8434335,2.125188652
Austria,AUT,1992,2.857509719,0.000653527,0.000250315,0.33401181,0.084408438,1.886271356,2.13098922,0.181119009,2.582049683,24.90947618,4.64246548,0.385611372,1.294297724,1.48149321,3.124184608,7.46735217,0.037908117,4.853585447,7.331694906,17.88152058,6.344819322,4.862915002,0.299307518,3.117095571,1.706422676
Azerbaijan,AZE,1990,0.360861293,0,0.061955807,1.504264662,0.199462313,0.942246707,1.304035641,4.671512505,1.770302981,16.45838003,2.769975053,1.512949916,24.68463622,8.866166098,1.840345264,6.443310292,0.162192167,5.445693802,2.435143335,7.237807496,2.776192047,2.620168417,0.156352806,2.281808862,1.35796503
Bahamas,BHS,1990,0.458402138,0,0.002158271,3.658178058,0.271045175,1.432548422,2.084346769,0.883333895,5.696334394,14.98357172,4.025973792,1.964655375,4.18843356,7.392042297,1.801998497,7.860248733,0.290096302,5.68639686,4.577275881,10.51333876,5.665572952,3.872572329,4.768220236,5.052551095,1.84504846
Bahrain,BHR,1990,1.222163852,0,0.044859728,0.694678541,0.112006836,0.837808887,1.960641073,0.999202901,4.391984093,17.04785999,2.745207239,1.571147873,2.22272092,11.12621178,2.809156213,14.15603105,0.329616889,3.786680286,5.060323083,6.344474204,8.457341293,4.294993892,0.316420295,6.194212644,1.710786087
Bangladesh,BGD,1990,0.845773304,0.098474531,0.014438767,0.371558014,3.997979972,0.206616433,0.706460475,11.45649128,1.132090275,4.860996109,2.736878295,7.816472085,16.99550471,16.93952734,2.238923204,5.099423732,1.563252449,4.840513472,1.633953245,2.510630693,1.972416157,1.214254924,0.617961939,1.011009574,0.828728302
Barbados,BRB,1991,0.698101827,0,0.004667244,1.913393221,0.321399016,1.058218496,2.819126992,0.782128039,9.354838667,19.21253483,3.376059156,1.429627321,2.896134633,5.64110782,1.96914544,6.906951657,0.173650739,3.795129593,5.481775638,13.38297013,5.599206189,4.671881531,2.201007952,2.729243019,2.436395809
Belarus,BLR,1990,2.653443916,0,0,1.168048631,0.131239203,2.862268081,1.099778031,0.463691133,1.389662323,29.78859065,2.535121072,0.724863614,2.106799149,2.459805995,4.252219553,5.586110012,0.07547849,8.352454551,4.320083636,14.27478291,4.599211783,3.524013109,0.171215784,4.552934958,2.345929029
Belgium,BEL,1995,2.972627615,0.008078108,0.001531625,0.473330365,0.009515692,1.741254126,2.330427422,0.307657167,3.154528836,19.00171711,3.443453224,0.40097494,2.056522698,1.214942101,5.544967566,6.896285729,0.03596561,4.737599455,7.954511416,20.15280204,5.943307055,5.853783345,0.382501411,3.250221954,1.878232965
Belize,BLZ,1990,0.66922324,0,0.870714178,1.988766734,0.616469811,0.785568529,1.828425656,4.051523343,3.90460135,9.203353394,3.056644484,3.970221144,8.15564879,15.14650439,2.247650112,9.111141965,0.271098635,7.236181627,3.208576844,4.835173824,4.717679287,3.183643922,3.060923009,4.345257558,1.700826257
Benin,BEN,1990,0.24519964,0.000619768,0,0.353896466,10.96334489,0.102607162,0.489263989,12.35238501,0.952356904,3.208653011,1.640363319,5.014741311,15.86932236,15.14966649,1.014082209,6.590674826,1.302642478,2.389602348,0.724785858,1.407626034,1.205370639,1.064380316,0.433777738,1.608344273,0.487772298
Bermuda,BMU,1991,0.877462411,0,0,0.887857212,0.248831216,1.325863666,1.703687447,0.546747015,5.400806568,23.14487192,3.696821106,1.025996654,1.883153719,2.747266873,2.158396562,6.222817343,0.123493558,3.646331699,5.933994831,17.00957834,6.610880467,4.507944231,2.928626822,4.120709576,2.717707573
Bhutan,BTN,1992,0.486842649,0,0,0.247054761,11.76910959,0.396590121,0.784928559,6.134661196,1.193433279,4.759980228,2.566281055,3.710976098,13.13169084,19.33627312,2.474757194,4.944501256,1.220608372,3.580600911,1.702232016,2.138978838,2.12545947,1.474016043,0.903691951,1.614014884,0.827083473
Bolivia,BOL,1990,0.514874606,0.003505921,0.010427843,0.754479299,1.273307445,0.611238082,0.95705415,5.682069,2.088207651,5.390516061,4.02052286,4.822035047,24.80056318,14.40890799,2.132589287,5.751690281,1.084806102,6.548249059,1.641212758,4.271841475,2.536015092,1.608550076,1.162955867,3.06022627,0.905459806
Bosnia and Herzegovina,BIH,1990,1.834226859,0,1.986178834,0.99618346,0.192358945,1.875594063,1.564091739,1.019803301,3.138451411,24.30386394,4.00495781,1.235695796,2.303530305,5.97950275,2.944928933,5.311363361,0.107697822,8.031943102,4.933300469,13.10987006,5.616252634,4.274295152,0.095239453,2.233419871,2.16118714
Botswana,BWA,1990,1.276501336,0.000645926,0.075835269,0.298472611,1.415713556,0.709096492,0.95218576,10.24411368,2.310307526,7.166645504,2.823119943,3.29979563,12.78773922,12.11486958,2.45982565,3.946346199,0.645967882,3.458341622,1.680804933,3.511943512,2.722997869,1.780493913,14.69881047,2.823474513,1.246864504
Brazil,BRA,1990,0.777194331,0.004674959,0.004648763,4.376379913,1.503629684,1.351114128,1.531759379,6.096829456,2.894733057,11.73688229,3.223153722,3.243260805,7.997963746,12.53730777,2.40230741,8.685807227,0.404219213,4.719956799,4.014984858,6.004497629,4.681363048,3.02908242,0.933989478,4.553884537,1.65131954
Brunei,BRN,1990,1.106967768,0,0,0.660461978,0.76743892,1.23778506,2.565719185,0.200165433,7.321288987,14.89655244,2.826269058,1.49506852,4.14835411,4.308840757,3.749983319,9.188310765,0.373514195,7.394113549,6.180060022,11.62339146,5.176147588,3.808445352,0.199607822,8.192944035,1.249695988
Bulgaria,BGR,1990,1.788137989,0.001302848,2.99E-05,0.685009313,0.084241942,1.03903213,1.028424257,0.493979685,3.093885891,38.4467154,3.633162632,0.553119047,4.048105683,1.530405498,2.98920744,4.708980797,0.070310644,6.384056821,4.307739361,12.70538285,3.617159645,3.254863019,0.065373898,3.183373054,1.906448078
Burkina Faso,BFA,1990,0.237322328,8.12E-05,0.000477687,0.413059282,14.23280486,0.081017931,0.405295957,17.32715153,0.828526881,2.363085625,1.369771505,3.210754252,14.32342609,9.805904179,0.628533522,6.996025751,0.603006986,1.949993646,0.641354802,1.226253363,1.023835272,0.816760388,6.885782426,1.543334676,0.415638826
Burundi,BDI,1990,0.415771658,0.000124333,0.007457734,0.073029683,19.37885188,0.160854523,0.468376881,9.833924008,0.975321306,3.844683989,1.462219243,5.344774566,16.17794697,10.68878302,1.48933071,4.212274277,1.155351164,2.247526021,0.610978081,1.961289746,1.239003265,0.725157,6.247428098,1.437435318,0.385279317
Cambodia,KHM,1990,0.406074046,0,0.990859597,0.390707455,1.399849178,0.214420902,0.814229153,7.18009784,1.488239872,5.180575586,4.207492428,5.238809738,30.292862,10.93691904,1.224600914,5.823947146,1.215311866,3.940639453,1.474362164,2.943690892,1.668846161,1.121705045,0.074042456,2.252181257,0.91774255
Cameroon,CMR,1990,0.345500335,0.023397238,0.008433422,0.26747876,10.85233183,0.183628342,0.583050838,20.20751373,1.411638344,3.393010698,1.793387279,2.176458054,11.39448619,12.45511796,1.191903706,4.873816674,1.319228435,1.835586601,1.034234879,1.792360481,1.574801386,1.275601628,2.704850059,1.961181443,0.608312948
Canada,CAN,1990,2.832247854,0.01755898,0.003060165,0.627694112,0.013169482,2.238637394,2.304330975,0.333724734,2.681362234,19.69494651,3.02030795,0.388839158,1.905658741,2.087167079,3.709954981,5.958245447,0.032993274,4.492971265,10.39726337,17.74265417,6.994483401,5.561177905,0.645444999,4.012679527,2.043596403
Cape Verde,CPV,1990,0.981863226,0.008900509,0,1.798935802,0.889979531,0.32582766,1.149355223,16.50044375,1.543008168,8.219871733,2.648831526,4.535737564,9.702651414,11.08568513,2.695666608,6.379543066,0.759944056,2.721585229,2.185125342,4.495076493,3.264169444,2.726514491,1.739262192,1.318134155,1.632074293
Central African Republic,CAF,2001,0.45752007,0.004260276,0.392888724,0.350587371,10.39064916,0.167516076,0.399371601,11.71709556,1.06688214,3.320183368,1.522412616,2.745958402,18.01424963,9.648461866,1.079103603,3.72709335,1.097892977,1.904204791,0.642197308,1.504891728,1.326355512,0.777786904,16.58048912,3.271772657,0.335310767
Chad,TCD,1990,0.200028102,0.00046176,0.780813919,0.301486406,6.686330692,0.086106329,0.404844561,19.16526603,0.785726153,2.749110598,1.474071058,7.259302594,16.10312324,11.84793161,0.901021696,4.741948434,1.131957158,2.04445443,0.66201609,1.14352527,1.121219703,0.822076326,1.673796935,1.106721455,0.474050704
Chile,CHL,1990,3.551591309,0.004488766,0.017547826,2.077132288,0.293560886,1.725549385,2.200826893,0.792753651,2.792606057,12.88380639,5.511905214,0.599875342,6.513361818,4.941277681,2.515526496,7.812618776,0.290025676,8.121728525,7.431569455,12.11687623,7.675485951,3.787194844,0.23699888,3.559068198,1.77034866
China,CHN,1990,2.409811223,0.021004614,0.000925509,0.813251832,0.621948979,1.335593014,1.740869259,2.051989398,2.107646262,14.62258149,3.184552593,1.696974699,11.57404316,6.433824901,7.034993858,7.126698833,0.286566276,6.566337238,4.237907541,10.9426738,3.784781982,2.513482167,0.171372613,3.589924054,1.984259578
Colombia,COL,1990,0.764451021,0.154757763,0.933790299,13.9628102,1.323552296,1.067751548,1.419712497,3.927859343,3.05158167,9.575540388,2.61700167,2.01219273,5.722909384,12.17962207,2.127282543,6.313947742,0.490466698,5.719944098,4.448677752,6.771644785,4.322886331,3.300231229,0.376759388,4.309881304,1.799799475
Comoros,COM,1990,0.28476315,0.009879663,0.005720297,0.402039836,9.003899466,0.194786906,0.721627297,11.83863559,1.256756871,4.818155566,1.748896415,4.993688069,18.772417,17.93928993,1.3980976,4.837213929,0.919457928,2.091994768,0.983521091,2.358245733,1.70935145,1.059050055,1.130717593,1.94891673,0.721491082
Congo,COG,1993,0.639837128,0,0.430258018,0.477603771,12.66429962,0.305991149,0.625283945,12.59698918,1.725331394,5.602549736,1.989222911,2.434553095,11.48134962,8.383335842,1.434960169,3.887694778,0.896525758,1.910624739,1.054900022,2.622263629,2.004920791,1.323539829,16.45435954,3.936956318,0.58947535
Cook Islands,COK,1990,2.807632671,0.58134798,0,0.624326707,3.971464069,0.888167174,2.032188177,1.031363495,8.931827497,18.96575271,2.361865964,1.36775948,8.394205392,6.052284799,4.231249967,3.88104046,0.065310467,3.252541345,4.720254049,8.566250957,4.244916621,3.211625634,0.852088658,6.404652749,2.079909
Costa Rica,CRI,1992,1.435721822,0.004502963,0.001460211,1.692132529,0.52302745,1.478739235,2.093895989,1.660401016,4.154700824,11.7853581,4.1498295,1.354543111,3.641173502,8.42790327,3.140492979,9.26471619,0.270899793,5.92950569,6.922740344,10.24787129,7.056005777,4.868635678,0.932588006,5.095776778,2.743446106
Cote d'Ivoire,CIV,1990,0.375250474,0,0.005638924,0.567526436,17.92846157,0.145834469,0.5258965,10.08768479,1.032237826,3.022816093,1.550039401,2.477736233,14.52421429,15.15151585,0.951362497,5.30817597,0.935217212,1.969609105,0.811243907,1.474027643,1.323226516,1.074424617,6.774400547,1.281620549,0.467071954
Croatia,HRV,1990,2.68182754,0.000146372,0,0.597196073,0.174636645,1.605035387,1.171864496,0.487388531,2.900323537,28.92034399,5.353900625,0.446376884,1.979286687,2.055454804,2.468070488,4.92225306,0.036993008,6.929919497,5.176309849,16.91442443,4.649768033,3.934133622,0.048008934,4.22617725,2.088484298
Cuba,CUB,1990,3.443537921,0.00765504,0.078817294,1.909415962,0.155901894,1.194983064,1.865488732,1.07066514,4.723806086,20.05279859,3.206072997,1.303824762,2.990257321,3.325049475,2.744747662,6.605207421,0.233458273,5.261616413,5.34779732,12.50362253,7.719468559,4.127110285,0.179858352,5.354641206,3.02717536
Cyprus,CYP,1991,0.911776658,0,0.005916953,0.676171589,0.035733172,1.230903321,2.671708472,0.377311261,6.810862125,22.93278543,2.749200714,0.547139242,1.819418748,4.763398437,4.327987337,7.347298415,0.076839287,4.899301882,8.203631961,10.68868537,7.100417426,4.960753745,0.069675342,4.670699743,1.589024064
Czechia,CZE,1990,2.335285028,0,2.90E-05,0.462864181,0.028900497,1.077190909,1.121822135,0.462136612,3.263242023,33.67461569,3.979240008,0.483326511,1.649647185,1.930128048,2.345557416,4.692881506,0.044740252,6.976469198,4.546673264,17.48318388,4.097952419,3.752573363,0.033716991,3.343242301,1.990592181
Democratic Republic of Congo,COD,1990,0.322905447,0.003827295,0.026055127,0.256513132,21.51175841,0.16908459,0.489025808,8.116460903,1.069143511,3.396157429,1.632663824,4.001095274,17.39310811,9.897087205,1.13141659,5.258129674,0.892482181,2.139249656,0.78452783,1.657605095,1.480333891,0.918741434,4.386647681,3.682162931,0.420388817
Denmark,DNK,1990,3.277624457,0.002504937,2.76E-05,0.361679211,0.010069208,2.308458225,2.116222196,0.286484676,2.113982234,24.69729741,3.382277106,0.43510217,1.73918273,1.236935892,5.005674568,6.441160384,0.02117414,4.368104943,8.686305057,18.5787044,6.008912248,4.520840782,0.039602471,2.406947152,1.553135386
Djibouti,DJI,1990,0.325165213,0.007557427,1.300258939,0.597639341,3.744709641,0.262723846,0.808248975,16.28755071,0.971929193,3.501143775,1.64851864,10.65537466,15.80666271,15.0064569,1.17446511,5.128611803,1.588007459,2.320402152,0.982677307,2.207637023,1.961928082,1.12416085,0.71753281,1.495097618,0.658764583
Dominica,DMA,1990,0.573986934,0.002274818,0.034998534,1.325785086,0.414540572,1.122016214,2.099278625,1.134125116,8.497155969,19.26263965,3.336050699,1.704039163,3.962427654,7.248712667,2.392057141,6.365393339,0.291115585,5.026284667,4.045698988,13.26057282,4.635026629,4.356779081,1.767376687,3.593931561,2.26425732
Dominican Republic,DOM,1990,0.521625576,0.000733131,0.010140589,1.869341897,1.07780975,0.615215659,1.372883587,9.765812871,2.16949569,8.114326693,4.187384183,4.751951099,8.42627422,17.97756417,1.810912935,7.828049404,0.522352898,4.701117297,2.588633114,3.911728975,4.243618936,2.483906355,1.474859854,3.783816394,1.456012181
Ecuador,ECU,1991,0.963827839,0.111182614,0.001729223,2.335051339,2.027794231,1.152701987,1.810026447,7.111423313,2.79821014,8.157049152,4.754179963,3.007028148,11.1568697,11.26830632,2.421380055,6.454047333,0.696944926,6.416626283,3.453704609,5.895673585,4.910528721,3.393648095,0.854463459,4.842955688,1.738230573
Egypt,EGY,1991,0.372783376,0.000314,0.002331658,0.124015749,1.185972194,0.226535132,0.822563246,11.08186999,2.125789245,18.26581637,4.433146822,1.354005366,15.6743392,9.160125467,2.120920354,7.3838261,0.423117957,2.231419712,2.407974261,2.994556108,3.369453928,2.000001881,0.09720577,6.410262939,1.115784758
El Salvador,SLV,1990,1.59084987,0.041680019,5.833617723,6.657774455,0.472862906,2.934875636,1.127116007,9.333376966,2.347041823,7.39411607,4.470913838,1.991138065,6.109876381,12.42505957,2.519652335,7.161108019,0.924186096,4.622312247,2.790724127,3.911767336,3.782590298,2.435845079,0.381697801,4.587519825,1.574681495
Equatorial Guinea,GNQ,1990,0.42592579,0,0,0.341019349,11.79946006,0.172782378,0.429994436,19.6885644,1.086359008,3.998481007,1.488257986,4.225788667,19.28553972,9.115574042,1.186340739,3.742871913,1.127681211,2.122493222,0.688787097,1.593848773,1.337814787,0.822211189,1.910670836,2.431353722,0.554286717
Eritrea,ERI,1990,0.288130305,0,20.80408174,0.327154963,2.456482992,0.156939634,0.441768687,13.98471248,0.699357015,2.639162915,1.157049202,10.2145089,16.43288884,6.987441496,1.027237194,2.761887662,1.202839647,1.752485301,0.427788337,1.409149003,1.122103397,0.582028492,1.162782704,1.077045853,0.380769632
Estonia,EST,1990,3.177382073,0,0,1.635882373,0.112968841,2.530879844,1.277832908,0.386048176,1.393582068,31.98840555,2.629238057,0.656122066,1.920804375,2.310125757,1.613484704,5.065474789,0.091705323,9.690262541,4.029021373,14.14482233,4.573043801,3.437705951,0.063240873,4.934620576,1.982499661
Eswatini,SWZ,1990,1.015515358,0.006069331,0.000918497,2.821227195,2.056809087,0.612291624,0.896866325,9.877164612,2.465559347,5.453637749,2.061602729,4.272168774,18.1932502,13.45225593,2.321460541,4.548236664,0.607535436,3.740512537,1.386047707,3.040846884,2.392283432,1.625164805,3.175057435,2.994525365,1.031855203
Ethiopia,ETH,1990,0.409339255,5.17E-05,5.550089615,0.510805113,3.861106188,0.192305995,0.537484154,12.13116735,1.115746208,3.021764786,1.73221905,5.767065653,18.96210659,12.85399078,0.931355432,4.238069433,1.420642408,2.652934197,0.554956903,1.982025699,1.129266973,0.586776299,3.111000467,1.235415229,0.441981742
Fiji,FJI,1996,1.732335787,0.019783846,0.000325765,0.868823112,1.667276828,0.484557022,2.021724359,2.548247494,13.01411012,21.35101301,2.036875392,2.119457748,5.306215455,7.211980744,5.000422195,5.24313004,0.483957798,4.450145609,4.310578018,5.809678048,3.856586344,2.92060066,0.668612137,2.41078274,1.665783306
Finland,FIN,1993,4.284817195,0,0.008847466,0.742811569,0.017353043,2.243044572,2.300403035,0.244561462,2.467499211,26.26681892,3.428791929,0.40750206,2.88818184,1.073784457,2.785450744,6.091586724,0.028880121,6.329775069,7.672550065,14.48785835,6.567650174,5.142636209,0.084458005,2.530304218,1.669513715
France,FRA,1990,3.396768929,0.009069827,0.003766027,0.429781716,0.014506301,1.84055072,2.917051515,0.309766403,1.954813578,16.39687745,4.148693113,0.68518302,2.017925522,1.37666778,3.716067699,6.885379486,0.050477403,6.456868876,7.744967015,19.15681198,7.654935544,5.650094583,0.940044295,4.056809164,1.870953148
Gabon,GAB,1990,0.821676268,0,0,0.540359937,15.71095162,0.434292225,0.789640677,7.871660376,2.720816714,7.255211015,2.725686356,2.79437242,12.58281699,12.01789817,1.650353969,5.506274073,1.060795535,2.488492937,1.505815514,3.884316217,2.649560898,1.88869417,2.699321675,3.372356767,0.904150365
Gambia,GMB,1990,0.262421498,0,0.055235017,0.072306617,14.49566675,0.17273391,0.633140379,8.988925945,0.990777369,3.334205052,1.943315853,4.81530095,14.00203676,17.55320915,1.127141761,6.273018444,1.594042768,2.096905184,0.975102013,1.542159521,1.949025067,1.211406542,1.325696027,1.193694342,0.681430975
Georgia,GEO,1990,0.620676575,0.005594702,0,0.836519785,0.198900792,1.202683017,1.335712771,0.953018742,2.224832096,34.13396425,3.57332803,1.055834222,7.451877963,6.808778154,1.664823285,3.964377573,0.083150387,6.162869552,3.439284087,11.30856218,3.703262577,3.134074568,0.048090292,3.581124034,2.062945528
Germany,DEU,1990,2.083201966,0.010070064,0.0082581,0.298803405,0.02997881,2.118599852,1.961616893,0.221688347,3.506481793,27.44547834,4.231133284,0.423309842,1.560322802,1.259659522,4.248087322,6.108366133,0.03764291,3.979836845,8.013144877,16.57594448,5.682234271,5.234883352,0.332338451,2.704773305,1.682963959
Ghana,GHA,1990,0.322019473,3.87E-05,0,0.278396834,12.26496514,0.203736855,0.594490672,21.08471755,1.185157576,4.2855387,2.294383179,4.154414807,11.04162371,12.52892646,1.148583559,5.090034466,0.813077896,1.846272974,1.054220567,2.402801497,1.815934188,1.279770662,2.159487783,1.912529448,0.67397572
Greece,GRC,1990,0.586669496,0.006681918,0.007298313,0.312350748,0.101540079,1.047298947,2.334280785,0.218104098,3.591019225,25.64119092,2.594978897,0.36492623,1.593143377,1.852796404,3.088323045,6.485033125,0.019962312,4.638927515,8.05960558,17.57226807,8.208877037,5.137510227,0.08524897,4.25620103,2.019047597
Greenland,GRL,1990,11.71486191,0,0,2.866594598,0.028376259,3.579691965,1.399688182,0.302114277,1.263481506,12.81566276,3.077946944,0.542355296,3.047564168,7.772490283,3.578331272,5.659183184,0.060687208,8.076500023,5.571679151,12.70162154,6.387267299,3.181958486,0.569285807,3.263886591,0.898865208
Grenada,GRD,1990,0.697059024,0,0.193635308,0.740274507,0.515451933,0.875583409,1.974375478,1.163733155,7.600252363,21.49657084,3.624881905,2.292924719,5.596076479,7.780030704,2.283284865,6.698383733,0.272593173,6.303199675,3.503543682,11.00437599,4.407131322,3.605528165,1.223646946,2.607586479,2.094037884
Guam,GUM,1990,3.906529754,0,0,1.629056699,0.196415258,1.10805766,2.763069033,1.422251186,5.106128752,19.39279235,3.357072959,1.878580049,4.105593761,6.438835654,3.541272191,6.069829178,0.154359679,3.721342732,6.685500905,8.530950091,6.224368575,3.989947352,1.583780338,4.302460166,2.402560911
Guatemala,GTM,1990,0.497055532,0.006280565,1.655708577,4.585167428,1.402531688,1.99389192,0.787308536,15.88209613,1.652215928,4.277142928,5.036449023,5.911565933,16.4679036,15.28149632,1.896608491,4.038204199,0.933709409,5.013389327,1.741152918,2.671732478,2.283822197,1.770899993,0.31977809,1.296621484,0.934043393
Guinea,GIN,1990,0.185970048,0.003684923,7.08E-06,0.305779677,10.24229886,0.079633897,0.388635131,10.94472717,0.973639097,2.940816132,1.470509251,4.786254969,19.26050323,14.35064272,1.024991962,5.970948299,1.386096174,2.357402265,0.664338832,1.82134439,1.010699406,0.869189535,0.928434355,1.333281822,0.48587814
Guinea-Bissau,GNB,1990,0.336091442,5.04E-05,0,0.430158301,10.7513554,0.102663665,0.408081832,12.8119019,1.172806734,3.532744665,1.805020288,4.302997989,12.87955359,13.81087667,1.181984133,5.636806138,1.013038058,2.423046663,0.611539134,1.607758406,1.028494804,0.905673653,1.984585478,2.437638619,0.431505482
Guyana,GUY,1990,2.854381616,0,0.018295307,2.16758705,4.567256722,0.685796362,1.09308008,5.018072876,4.467352773,16.98446134,4.112022779,4.492416793,5.099368965,16.27934734,1.41056099,5.328062569,0.550818211,5.4352122,2.20481949,4.452203404,3.835828589,2.374910313,1.479502561,2.786251727,1.059017755
Haiti,HTI,1990,0.575400024,0.004052986,0.019616929,1.963408371,1.278299942,0.377431184,0.716130792,14.44838266,2.642812925,8.862587031,2.814097594,4.869849692,14.07081341,7.36019554,2.292360933,7.772000444,1.334519793,7.37871704,1.107400552,3.7970047,1.748379245,1.470946635,4.33413889,1.440418401,0.611902223
Honduras,HND,1990,0.473759067,0.02052543,0.026980415,5.337332843,1.166812989,0.930718395,1.15766945,14.39422385,2.231361207,6.355154556,8.089815989,2.493206089,7.610119328,13.42341568,3.29282191,4.760213689,1.560925673,6.045015407,2.743970231,4.202750404,3.090349081,2.764859994,0.446549792,2.666515592,1.226493062
Hungary,HUN,1990,3.543213722,3.64E-05,0.001210125,0.47975561,0.12762838,1.63571182,1.026936911,0.493574895,2.47669643,31.35012074,6.751865237,0.442773945,1.435302265,2.538561728,3.168365127,4.337026805,0.04658309,6.463030387,4.031650395,16.87035229,3.684318249,3.345036212,0.179339717,3.418489792,1.844327338
Iceland,ISL,1990,2.697595147,0.002770432,0,0.409963508,0.017684296,2.229355811,3.025383421,0.343194565,1.711434201,20.63363442,2.058648297,0.43875431,2.812215084,2.358313745,4.25854435,7.1187934,0.042323412,4.643385167,9.690340961,15.92915041,7.427687017,6.019227114,0.191755417,3.639960536,1.899126566
India,IND,1990,1.681747187,0.026163592,0.105617587,0.507219259,3.812815838,0.449568129,0.854876236,12.27991575,1.391712421,6.561971805,2.562097501,6.068739785,14.86111425,14.35174463,3.189253096,4.538145077,1.288062625,4.561908113,2.02360285,2.442994331,2.312081343,1.598465876,0.31211641,1.964064381,1.247291788
Indonesia,IDN,1990,0.413017457,0.018489849,0.049220702,0.267566452,2.517023979,0.273964688,1.400946019,10.29618166,2.715844706,9.386939872,4.140082752,3.213903217,15.12641264,10.79693497,2.728729176,5.786998375,1.301546879,3.701519486,3.121109965,3.983608464,2.510208498,1.90263077,0.40820068,4.246359893,1.754873594
Iran,IRN,1990,0.867245407,10.18476659,0.848408026,0.452749185,0.675593125,0.6562081,0.996682008,2.039269049,1.524589899,9.694894942,1.338653416,1.213204234,5.249263581,18.40892484,1.462134041,12.30882899,0.222488886,15.59976235,2.90074054,3.726167886,4.62910121,2.440525911,0.074095756,8.189395194,1.276603597
Iraq,IRQ,1990,0.536735259,0,4.43896461,0.795175974,0.664168821,0.350041916,0.919516062,3.249438914,3.211169823,12.04588523,1.414891301,1.515506325,8.559813546,20.26769708,1.354582259,10.85511116,0.468496263,7.931619894,1.988888962,3.592897477,3.476501354,2.202175152,0.147471677,3.192416384,1.082454306
Ireland,IRL,1990,1.752727638,0.010092093,0.001680495,0.276246908,0.014001141,1.618645463,2.593140707,0.200788345,2.133544276,24.7634535,2.120920788,0.456884313,3.170673849,1.739321196,6.193390411,7.243785182,0.030888824,4.168396948,7.963261308,16.15914448,7.388022516,5.05471323,0.080735533,2.930894716,1.596092992
Israel,ISR,1991,1.498033837,0.021941101,0.410846025,0.684853072,0.107330544,1.14097489,3.114470937,0.355821886,4.064202911,20.15370775,2.278564912,0.703878824,1.774232926,4.342672704,3.703760168,8.857650298,0.080852629,4.760811234,8.715902993,14.62133919,8.119086425,5.362549732,0.231095111,2.720781344,1.781455039
Italy,ITA,1990,1.081807002,0.012506423,0.001012543,0.577743868,0.015565925,1.43730968,2.246366346,0.148855123,4.045604245,21.09601058,4.826238353,0.565228888,1.29193363,1.650165477,3.721767916,6.402522306,0.028549616,4.479267398,8.546878839,19.17168301,6.912742501,5.179803263,0.620481348,3.256803341,2.481673206
Jamaica,JAM,1990,0.280549303,0.006083391,0.269656014,2.358617523,0.425519365,0.873197753,2.258567661,3.128882439,7.35979885,15.59346156,2.856691441,3.511248015,3.448587262,13.02026438,2.786971456,7.389996195,0.27697029,3.665408713,4.909121353,8.535649258,5.913113694,4.257644986,1.707891033,1.366785368,2.532773003
Japan,JPN,1990,3.017322657,0.022873938,0.001148697,0.312762306,0.046856938,0.756640808,2.443616701,0.160750619,3.486517154,17.26111326,4.136165537,0.958139598,3.966425955,1.081483412,3.904862245,6.041143771,0.048455092,5.161099018,12.03032658,18.68328039,5.894953306,4.50149388,0.059919856,2.972240835,2.733807392
Jordan,JOR,1992,0.666070193,0.001352328,0.013250598,0.829160381,0.246708436,0.519917363,1.596070864,1.569947197,3.788920192,11.56349486,1.80151532,1.6340152,5.428364729,17.55797955,1.956720076,15.96482306,0.796369414,4.995481722,3.887633823,4.890991949,6.646047462,3.480480903,0.287381497,4.925181435,1.38278882
Kazakhstan,KAZ,1990,2.752932511,0,0,2.002759062,0.339572265,2.164212132,1.505754159,2.634735491,1.956414906,20.69744603,2.902103469,1.726240719,9.643600211,5.11185643,3.126725033,6.263422087,0.231347864,8.493261819,3.189995688,11.32827361,3.576990666,2.978442872,0.12357449,4.313278759,1.706768999
Kenya,KEN,1990,0.346053031,0.021479876,0.003730226,0.682608812,8.582309476,0.182967517,0.881007315,12.46980442,0.941678321,3.060445418,2.307495526,4.859725566,14.94152467,11.48722127,1.10894165,4.503163861,1.16723465,2.088915208,1.191860161,1.70898114,2.206219656,1.205097442,11.43922628,1.018805632,0.993012155
Kiribati,KIR,1990,2.69428421,0,0,1.008056111,1.262820028,0.277597128,1.005134254,8.279603646,5.169100403,15.79019067,3.42767827,4.750011121,11.21015284,11.94905575,3.971730805,4.635719278,1.119436829,2.117501847,1.864091647,5.259842576,1.823985088,1.634897369,0.857905747,1.837972235,0.786117623
Kuwait,KWT,1990,0.582705144,0,18.53304255,0.646426579,0.111432523,0.746109988,1.679055694,0.942581211,3.441901586,10.96088144,1.531092118,1.348186829,3.309747056,6.793781631,1.592877466,12.40323069,0.072253302,4.148960073,5.541775104,4.508671721,7.810666386,4.280125695,0.078745032,6.748458927,1.676795469
Kyrgyzstan,KGZ,1990,1.644077354,0,0,1.776503643,0.222768794,1.798961364,1.470964825,3.240802803,1.87607996,15.86631357,3.055332229,1.525735172,16.64129609,10.89896974,3.746166005,5.810663269,0.304001081,7.448848064,2.566312545,7.09288685,3.131196708,2.798477502,0.170496774,3.657910209,1.41653924
Laos,LAO,1990,0.645772232,0.000238958,0.439991282,0.97690459,0.956790007,0.22215698,0.661272532,9.32506219,1.974203833,5.454248072,1.972888296,3.374556845,26.20805009,14.85959377,2.323886836,5.785061497,1.476028476,3.526349312,1.251997591,2.761411721,1.319953823,0.980743073,0.109829733,2.134963435,0.613010624
Latvia,LVA,1991,3.146985339,0,0.004797433,1.560512548,0.10862992,2.773084427,0.918882699,0.457025147,1.375049446,32.14490697,2.675920209,0.6352607,1.908639597,1.994489186,2.013118625,5.184983688,0.068139723,9.891975327,3.935664346,12.99996491,4.250415588,3.282148183,0.244205044,5.742665335,2.073600423
Lebanon,LBN,1990,0.578375534,0.001896776,7.274617128,7.211804254,0.185877107,0.520069052,1.107505022,1.130161415,3.123126329,17.45746378,1.667456807,0.99425626,3.124055331,12.76167654,2.119592096,10.3526008,0.271990664,3.22860637,3.105368228,7.002323001,5.212492597,2.991448341,0.323105978,1.986235961,1.77025066
Lesotho,LSO,1993,1.119819437,0.001884565,0.002053612,2.636464307,0.626912961,0.526059316,0.769844732,12.42724396,1.969064193,5.523024453,2.138193149,3.106195232,15.38886406,15.85602715,2.537034041,3.693603374,0.684539825,2.652350563,1.449860485,2.761531267,2.522475825,1.399813555,12.71472035,2.346992277,1.14051549
Liberia,LBR,1990,0.179285148,0.001214153,8.743061404,0.243250213,13.63006312,0.090862328,0.348752221,12.99469651,0.983337124,2.930929403,1.596736126,3.93737186,14.10000434,10.88396606,0.664000661,5.328040767,1.123325715,2.029129333,0.607019593,1.291438429,0.956223392,0.821630075,1.412916001,1.02469703,0.448758049
Libya,LBY,1990,0.706287244,0,0.220395433,0.487622531,0.564845286,0.544737393,1.29962928,2.314670846,2.362366335,14.15200645,1.908168141,1.305136186,4.587283754,19.62258548,1.778622291,13.51163449,0.243629877,4.65527414,3.172209836,4.866530365,5.233434193,3.212862849,0.156535372,7.449018738,1.510933948
Lithuania,LTU,1990,3.681049137,0,0,1.253852054,0.128883472,3.258444888,1.107367642,0.498074131,1.356349459,28.07926325,2.718412016,0.630841047,1.886190401,2.039299565,2.870876277,6.021575162,0.083267403,9.443968329,4.352482708,13.6030944,4.9257381,3.632367528,0.134527389,5.620074155,2.246037094
Luxembourg,LUX,1990,2.496007682,0.000207986,0.000416207,0.457014251,0.018601648,2.154935507,2.107388749,0.285015811,2.28537708,23.29172805,4.037737407,0.476883244,1.515076227,1.541592217,4.357913269,6.080562942,0.037404307,5.16285445,7.725361224,18.79901919,6.315885991,4.931323777,0.244361704,3.776131571,1.543357242
Madagascar,MDG,1990,0.411294216,0.002223696,0,0.122979317,5.396326745,0.195121786,0.591594466,16.46115419,0.98536518,5.630246997,1.658364252,9.931837483,18.34582474,9.901453464,2.10961132,4.83317147,1.202041286,2.396590813,0.846378276,2.123734517,1.561592436,0.911102392,1.637677928,1.640154534,0.622951901
Malawi,MWI,1990,0.27064641,0.000117139,0,0.121591533,15.89860987,0.139987366,0.435091957,16.41227037,0.818623221,2.484876536,1.566052827,4.777427724,13.6367829,10.82516791,0.753147031,4.555004271,0.741600889,1.997185609,0.594713671,2.348372895,1.046049166,0.627603944,8.313468066,1.062332378,0.425144151
Malaysia,MYS,1990,1.079038283,0.000631924,0.00260885,0.591939831,1.708811774,0.754725045,2.484766582,2.096508319,4.077039151,16.76081513,2.692993981,2.847708323,6.454899782,7.797990297,3.588901759,6.685219458,0.681134144,4.230315962,5.133697339,7.880686894,5.365886097,3.479706851,0.192659688,6.490025609,2.619865044
Maldives,MDV,1990,0.669365056,0,0,0.245050156,1.539933223,0.278081688,1.393349727,5.234072106,2.64205555,10.03139856,1.37930424,5.234297324,5.317288466,21.31972735,3.807034406,9.471754868,1.868839218,6.981071642,2.302432674,3.468201555,2.722193538,2.359377647,0.142303856,1.571883921,1.198841954
Mali,MLI,1990,0.171800531,9.01E-05,0.335845738,0.460881275,15.35406185,0.073001508,0.390275404,15.70061442,0.84261395,2.613384112,1.481116718,6.123568301,8.909305117,16.16892075,0.869223648,5.177753253,1.171843554,2.293973608,0.510062819,1.251812683,0.801467827,0.722462679,1.166606541,1.084123141,0.458853907
Malta,MLT,1990,0.833633697,0,0.001679601,0.467153071,0.097146194,1.30825736,2.849765099,0.201770734,4.351219233,24.94014364,2.592155608,0.553477138,2.187167358,3.095343667,3.908562948,7.414924165,0.071560528,4.680753918,9.00506885,14.86237557,7.395641117,5.116260122,0.153435191,1.785486755,1.775467286
Marshall Islands,MHL,1990,3.319743478,0,0,1.651655903,0.748993357,0.547751648,1.841523236,4.86520754,4.801349367,15.53032025,3.282810716,3.014926626,10.10637652,10.69834443,4.589222372,5.010567365,0.606471257,4.651531027,2.818132835,5.153837854,3.11557392,2.293308575,1.267756619,3.554776617,1.270174036
Mauritania,MRT,1990,0.333789803,0,0.137649826,0.470083368,1.70186444,0.18027659,0.672227379,16.66659538,1.670631282,5.252393868,2.432731699,5.895086676,11.98655913,16.52102793,1.406942473,4.992518983,2.789028998,1.925432964,1.168684073,2.323678322,1.636180192,1.462885594,1.513288354,4.005961818,0.825954508
Mauritius,MUS,1990,2.393331639,0.000289405,0.000261578,0.506101717,1.430321344,1.658154144,1.966533687,1.56311297,7.241083078,24.09489955,4.40890299,1.88242337,3.756413997,8.919728073,4.287245938,5.240451788,0.306322894,3.736706087,5.085704701,6.052166827,5.474829126,3.835329868,0.212830889,2.821933451,2.451626971
Mexico,MEX,1993,0.661520771,0.034816245,0.001392825,3.7325911,0.544621368,1.532352823,1.551790054,5.436815941,6.235593154,6.750374005,5.741191193,3.001254807,7.936538,12.34191347,2.112862502,8.651554271,0.420377991,6.014159583,4.871487875,5.885903364,4.543545121,3.751098685,0.839522186,4.515681387,1.910433027
Micronesia (country),FSM,1991,3.102382692,0.006663707,0,1.195420984,1.220082098,0.55195591,1.601916273,4.111653678,5.38487541,17.15698975,3.309859897,2.574991614,10.50111539,9.398804181,5.031839562,4.922041667,0.790273598,4.392581225,2.737493229,5.490009435,2.787847999,2.149740722,2.412096539,3.553137473,1.185438354
Moldova,MDA,1990,2.012545848,0,0,1.548369368,0.155013415,1.819234055,1.115323583,0.869487749,1.531767877,24.42617906,7.954018781,0.98489975,5.181941521,4.303427405,3.101485329,6.223240736,0.153174398,8.519604595,3.594900087,11.18344755,4.170593905,3.092826996,0.213529702,4.945580331,1.96650318
Monaco,MCO,1990,1.534052546,0,0,0.154900768,0.090924418,1.054005438,1.824325701,0.171613706,1.948534029,25.88498878,2.770475347,0.316664206,2.24515698,0.833974224,3.698647276,5.070995798,0.01241885,4.226239761,8.282041947,24.30283827,6.041124876,5.296147414,0.199848399,1.772921975,2.112871707
Mongolia,MNG,1990,1.582368801,0.188811148,0,1.090509951,0.248626616,0.630684921,1.139633606,5.983877102,1.56706423,12.58011508,5.199277982,1.39411328,24.37555983,10.75778526,1.434189035,4.880939183,0.647647984,5.924899985,1.567448399,6.894032223,2.286863449,1.738921687,0.379123522,1.809357482,0.901254738
Montenegro,MNE,1990,2.729540822,0,0,1.125974561,0.159627503,1.334566336,1.595849474,0.634768644,3.795866962,27.10954874,2.62878528,0.800651295,1.863954644,5.973380944,1.295311764,5.112008255,0.061129207,6.790626574,5.633117112,15.4503109,5.344088378,4.378735116,0.104429792,3.322729506,2.259364166
Morocco,MAR,1990,0.901592725,0.000501721,0.054392317,0.165843657,0.305326851,0.392946983,0.923348644,9.887926141,1.815614458,13.10873793,1.666255515,1.578995996,11.23035733,15.70877778,1.533957674,7.991365387,1.353461777,4.565887682,2.605445472,3.145156071,4.278017467,2.258641766,0.433799905,5.199280296,1.166828824
Mozambique,MOZ,1990,0.240128043,0.000723295,1.299865676,0.246702029,15.44915637,0.142309073,0.457003782,14.81177173,0.795268565,2.775766224,1.043509487,5.855290704,16.43439106,11.24259196,0.785047583,4.19741983,0.716672081,2.004491554,0.601758097,1.478238151,1.201561035,0.675388807,3.523220364,1.236448044,0.474679483
Myanmar,MMR,1990,0.467465567,2.03E-05,0.232761866,0.316559124,2.416503499,0.26421684,0.801107324,13.11983387,2.607571931,8.726580822,3.149698754,2.178723669,18.83775861,10.70756355,3.516444286,5.199952521,0.463192279,5.710849491,1.545147737,3.677820911,1.49054708,1.255313264,0.172658041,2.615665645,1.002115089
Namibia,NAM,1990,0.885693966,0,0.407499936,1.988124033,5.829379588,0.753365257,0.910418426,8.022279963,2.43323138,7.743310878,2.431139458,4.825506862,15.35303413,13.80756669,2.75984689,4.249509625,0.865607975,3.006114476,1.647898662,2.581535719,2.470739705,1.725223833,3.697106733,2.798309868,1.270504484
Nauru,NRU,1990,2.918996834,0,0,1.088057085,0.237583219,0.591048265,1.60175075,1.823873409,5.442353237,18.70763702,3.102039288,2.516565375,10.58374333,10.08985903,4.415992588,5.5776793,0.843871544,5.076254145,2.877792659,6.261846365,2.897967461,2.264000596,0.927912654,5.010093263,1.076171915
Nepal,NPL,1990,0.935125169,0.024101725,0.006115831,0.177037553,2.046641149,0.226418144,0.619162171,11.2152502,0.822129429,4.069183915,2.300034299,5.410759117,19.99688498,14.81782678,3.295837961,4.002094483,1.626957769,3.935681304,1.44617555,2.252085765,1.791878621,1.443582491,0.415516095,1.016678712,0.823976905
Netherlands,NLD,1990,1.952422417,0.006673316,0.005395713,0.370499472,0.00981419,1.303393175,2.557131629,0.192298561,3.369033334,21.48081973,2.647521391,0.467325922,1.710748439,1.80444163,4.884707146,7.551180196,0.044631661,3.470954401,8.417937579,19.40471065,7.797869231,5.690733443,0.399897213,2.420429118,1.719251835
New Zealand,NZL,1990,2.394706065,0.014078794,6.94E-05,0.688731024,0.023660768,1.716961949,2.311960599,0.28318784,2.288186927,20.78136952,2.144319957,0.417161343,2.002453021,2.159441109,5.526699661,8.116471464,0.07514392,6.869355783,6.433517896,15.7525741,7.778818321,4.432818491,0.280349085,5.200949795,2.006068348
Nicaragua,NIC,1990,0.772755899,0.023023765,2.731383788,1.629383301,0.678594696,1.140319809,1.246089234,14.76262925,3.022472068,4.772075759,2.876106744,3.70082103,12.34018525,16.28691153,1.799348338,6.815637114,0.559777129,4.705666705,2.666237643,3.550693678,3.609206736,2.529827138,0.316780754,2.620086069,1.308680974
Niger,NER,1991,0.126502819,9.18E-05,0.025558835,0.377939328,10.4444467,0.061519692,0.310845717,23.10478341,0.550198617,1.877191059,1.128328196,4.150838901,18.59732404,8.2657633,0.676171092,4.404753868,0.756598083,2.00172352,0.420784942,0.704418821,0.71237955,0.622075637,0.353539753,0.998113979,0.309739778
Nigeria,NGA,1990,0.178696513,8.72E-05,0.005705805,0.420865706,13.22891652,0.110449702,0.488559736,23.56280661,0.840873212,3.119821838,1.778891769,1.761392735,16.41083126,10.99981206,0.758676846,4.84017876,0.740744743,1.724056235,0.880993749,1.11022033,1.169774372,0.994703656,0.8945886,0.894244414,0.649169837
Niue,NIU,1990,1.962022257,0,0,0.948057955,0.542546597,0.579465474,1.765150449,1.823988812,9.006592358,24.42644762,3.457761898,1.88633782,6.485782189,5.493889617,6.001247423,4.552638882,0.312527534,3.735707292,4.371138995,8.386278564,3.420569631,3.566055659,0.674141866,3.163554709,2.08524898
North Korea,PRK,1990,1.48980806,0.001609136,0,0.734342903,0.170858033,0.68514812,1.423030891,1.213832843,2.190231039,13.09919739,2.65858143,2.501735721,12.04679961,13.3628405,5.326927291,7.885860531,0.677442421,6.057379128,3.632371833,8.467417894,2.828198525,2.171196809,0.152294336,4.435159415,1.375145299
North Macedonia,MKD,1990,1.240369933,0.001028681,0,0.656395139,0.146780447,0.872121435,1.318541616,2.902762462,3.350849594,28.5357486,2.593162713,0.933089363,4.232794762,8.404842203,3.022499208,6.032282429,0.085239466,5.941935232,4.217967366,12.46141344,4.266575469,3.507925665,0.068467716,2.467613179,1.809185471
Northern Mariana Islands,MNP,1990,3.69509868,0,0,2.269210605,0.310761498,1.634125624,2.634334242,1.169731202,6.067776498,15.24866874,5.018259475,1.717415292,4.705008914,4.875458341,3.829078306,5.327053501,0.467510866,6.12752198,5.938230809,9.761212687,5.414455159,3.466332526,1.10778534,6.209477916,1.868822004
Norway,NOR,1990,2.423812554,0.017012071,0.000158127,0.343360266,0.012337657,2.346430335,2.102005068,0.272954246,2.548411613,25.66114971,2.746926853,0.409025164,3.012553531,1.584037028,4.169880125,6.913958483,0.031946373,5.163014025,7.457241037,15.93162983,6.155452278,5.477631783,0.139693498,2.617214978,2.160640199
Oman,OMN,1990,0.575327338,0.003100681,0,0.268038593,0.833862408,0.382348975,1.348761784,1.962786582,2.168555463,15.8110394,1.559735684,2.992818497,4.615644814,14.38974067,1.302713621,10.19880354,0.410598709,5.188403532,3.102435729,3.093793804,4.994548731,2.579976407,0.109218258,15.40223487,1.479434778
Pakistan,PAK,1990,0.518141593,0.002651126,0.02249925,0.682515025,1.765620913,0.337718704,0.69276577,11.83024973,1.370784041,5.723212906,1.972663693,3.202794548,12.66885761,23.72072953,2.124319107,4.65968998,0.94604646,2.30544506,1.310019488,3.056083949,1.811633813,1.27673699,0.571916198,0.878113347,0.974699501
Palau,PLW,1991,2.130178354,0,0,2.057793815,0.248928558,0.58975002,1.581563624,1.939798247,7.324457195,17.66233976,2.474661319,1.187910694,12.58412375,5.079990576,6.384045388,3.510633493,0.426885216,8.535409393,3.958198595,9.036579587,3.571019475,2.480847004,0.707983228,3.624141441,1.546377581
Palestine,PSE,1990,0.421419102,0,6.177887176,0.400681619,0.254359004,0.308742589,1.141012166,1.352616982,3.324791105,11.39678154,1.582466012,1.286477528,4.211960277,21.99830298,1.644823938,13.82505764,0.308670895,3.58845195,2.299127623,4.570410257,5.341871985,2.711331782,0.14436058,2.937332375,1.264983061
Panama,PAN,1990,0.984458218,0.001774884,0.150172157,2.471762941,0.792027273,1.038437314,1.821066408,3.249346214,3.622418645,10.84832124,3.600786153,2.727438219,5.167189144,9.110295615,2.585153216,9.424545737,0.431994204,7.203588339,5.780776975,8.071005269,5.792984429,4.062670164,1.504129403,5.298386951,2.628157134
Papua New Guinea,PNG,1990,0.311913882,0.006662973,0.103871703,0.741311167,4.016676304,0.326642482,1.235742222,7.905517388,3.066939626,8.636808312,1.401063395,1.891328329,18.97683825,9.343838792,5.074533035,6.386394626,1.322894061,3.69027936,2.199042395,3.283911761,2.363714347,1.566608873,1.977562828,3.55453072,1.07246569
Paraguay,PRY,1990,0.588471664,0.002473533,0.020522453,1.835628884,0.735141079,1.407767681,2.252436744,5.074098928,2.74080265,10.45475787,3.349176259,2.401012458,7.216664068,15.25424836,1.866999257,7.466619804,0.937056327,5.279445067,4.681761388,5.715133385,6.274783336,4.003759222,1.899710064,3.071003319,2.301350297
Peru,PER,1990,0.394063371,0.2036072,1.892601219,0.870278287,1.094847376,0.780220052,1.443813271,5.733273055,1.779910341,5.819300346,6.500911944,3.828071485,19.00709723,12.11097318,1.946076375,5.331963264,1.042563303,9.932344635,2.525822755,5.160990868,3.439111069,2.021553835,0.891410073,2.798742761,1.454306707
Philippines,PHL,1990,0.714732502,0.860661467,0.616438067,3.580537355,2.079568165,0.671293228,1.683330556,7.56951626,3.469986043,4.826972899,2.730344871,2.647152959,16.84120473,11.16311128,3.310881784,5.81423288,0.577558438,5.01041891,3.711074338,5.228841887,3.30371841,2.254675819,0.48779781,2.489584823,1.562765045
Poland,POL,1990,2.328647068,7.15E-05,0.000413066,0.650622099,0.145699658,1.949683905,1.261775005,0.393758952,3.238822786,28.68752572,3.691704043,0.812390193,2.149421373,3.215639761,3.697702264,5.731497592,0.065834095,6.856946621,4.886107106,15.75208991,3.562550266,3.844761918,0.040888641,4.587276139,1.983690914
Portugal,PRT,1992,1.899516554,0.003528974,0.069344837,0.618599171,0.12970094,1.388641003,2.162702434,0.195200032,4.134863704,22.92126179,4.472025954,0.57138428,2.693563526,1.69651956,4.521928114,5.359333281,0.037232269,4.243175531,7.57900718,15.31530983,7.47941889,4.197200237,0.702544588,5.577399302,1.642198978
Puerto Rico,PRI,1991,1.506986375,0.013713032,0.000139031,4.781282487,0.531191063,2.188309799,1.810369077,0.430551711,8.072839377,14.62127395,4.868854296,1.004667353,3.217425414,5.362584732,3.487645865,6.516071302,0.12793639,3.762579344,5.025548564,10.13099692,5.586185826,4.321396307,5.42312165,4.064430486,2.552075959
Qatar,QAT,1990,1.339231425,0,0.003328572,0.437439085,0.086762608,0.969092745,1.649977892,0.981579626,3.799362587,11.4228554,2.313936534,1.140804367,2.265774462,11.06306745,1.641829007,13.17489075,0.526765029,7.034937076,5.593034931,4.678855797,8.475829371,4.018182116,0.283084038,12.51471602,1.684953055
Romania,ROU,1990,1.164808848,0.004979619,0.082818279,0.786184836,0.20762195,1.564318155,1.06178205,0.839090415,2.258526639,29.9342646,5.034998563,0.767201392,6.798714552,2.149331603,4.043890748,5.140519756,0.157660927,8.27103541,4.501892241,11.43093788,3.724642949,3.415951519,0.205424828,3.716595458,1.875072404
Russia,RUS,1990,3.408948227,0.007259014,0.018006793,2.551088751,0.125586846,3.797186198,1.203281303,0.596382697,1.63551882,29.75183779,2.669706063,0.606286286,2.726699531,2.682939849,2.869114011,5.050979274,0.114862438,8.181905755,4.579764178,12.53656348,3.723225389,3.131150439,0.346923758,5.027197833,2.114008212
Rwanda,RWA,1990,0.43242301,0.000373681,2.376881822,0.435648953,12.34240962,0.299680677,0.507447022,16.41627905,1.110722685,4.045281925,2.041031058,4.08010797,18.40583068,10.70224757,1.81996848,4.009338611,1.207028036,1.967900017,0.690449331,2.246713336,1.399557309,0.769402469,2.14296151,2.199797824,0.42631482
Saint Kitts and Nevis,KNA,1990,0.518625506,0.001695655,0,1.909040089,0.290835127,1.646196165,1.569610331,2.202355857,7.439436359,24.08842891,3.9568014,2.634542242,4.315451213,8.954888516,1.87834892,5.496569736,0.863481048,4.537933822,3.144465508,10.69314812,4.073784869,3.431615982,0.583727555,2.724827732,1.670057232
Saint Lucia,LCA,1990,0.95904706,0.006386666,0.140113406,2.197883732,0.65289335,1.162120045,1.953618576,1.820443381,7.783203948,15.96079075,3.442675722,2.687713676,4.006631963,10.96335829,2.901370197,7.091112337,0.310004259,5.180124281,3.782207445,9.482870676,5.013665269,3.93621949,1.126713768,3.968998994,1.873365488
Saint Vincent and the Grenadines,VCT,1990,0.848328503,0,0.010546205,2.63729608,0.468171502,1.103077967,1.782908751,2.446482214,7.272416773,15.62377019,3.230940335,3.414328862,4.129868101,11.90013646,1.687778526,7.593119411,0.281977978,5.874636949,3.531272852,8.910060221,4.906934762,3.78164627,2.549846166,2.402574839,1.884218643
Samoa,WSM,1990,2.625611819,0.988826336,0,1.375922198,0.70201707,0.595487108,2.171232496,2.021767885,6.119242127,18.72150924,3.2427497,1.968218761,8.18390467,8.069399346,5.847665274,5.1055241,0.328252679,5.116758353,4.37182876,6.192436805,4.003325751,3.038897942,1.049806697,3.530242008,1.768401079
San Marino,SMR,1990,1.970658695,0,0,0.255560318,0.159585983,1.642783353,2.769677304,0.245737277,2.339169695,16.37466428,3.126638723,0.485821958,1.510243712,2.067849264,3.363055254,6.670200998,0.022240238,4.241514942,9.79482664,22.42386245,8.591947974,5.560808268,0.292875583,3.412663823,2.099893884
Sao Tome and Principe,STP,1990,0.114545335,0,0,0.543606724,6.248679688,0.228083837,0.833938911,14.07567558,1.821914205,5.971518984,3.181927552,5.229371577,14.80452156,8.858871338,2.767705158,7.058517742,0.68319128,3.068021758,1.325046211,3.414416538,2.037809222,1.742072311,0.673615101,1.626518802,1.062666479
Saudi Arabia,SAU,1990,0.414467626,0.000490789,0.001158571,0.29655578,0.345244526,0.406650682,1.277512378,3.811582934,2.697518557,10.06923873,2.112167,0.924343601,4.081131007,17.46061222,1.612948129,13.38648003,0.391431091,10.62533295,2.913699348,2.587160712,4.787760111,2.91376342,0.168502163,8.133407768,1.866916283
Senegal,SEN,1990,0.368991875,0,0.115237887,0.145483563,11.05449945,0.150146015,0.599162773,18.56315325,1.368089521,3.605249898,1.818987054,3.730998304,12.98149837,14.48428611,1.176532816,6.176748624,1.287063022,2.505590956,0.899478305,1.76729874,1.444783314,1.262777226,0.668569045,1.457136214,0.692107172
Serbia,SRB,1990,2.609147818,0.000541485,7.08E-05,0.910789989,0.193903736,1.202305627,1.183764421,0.465347163,3.888967558,29.9227181,3.376227059,0.784892966,2.120943715,5.536082107,2.765306834,5.96124419,0.071236002,4.98971719,4.682082712,15.16345291,4.160484977,3.696302876,0.106891276,3.558307626,1.981198225
Seychelles,SYC,1990,1.283313873,0,0.021945935,1.43463424,0.265996528,0.746514574,2.00910826,1.690669462,4.044638951,20.5407864,4.600913245,1.761530834,6.598067897,7.794905212,3.161117095,5.374934801,0.481285381,5.389605343,5.03163963,10.60335334,4.175664742,3.729028697,0.198735221,2.347914278,2.697972025
Sierra Leone,SLE,1990,0.177638238,0.000614691,0,0.101656617,17.35674898,0.112078807,0.387414971,13.40139505,0.81077174,3.298853969,1.483428201,4.837276352,17.46368075,14.40592171,0.91165492,6.587915922,0.928186517,2.338262832,0.690574878,1.270092517,1.06032642,0.886606439,0.673044749,1.41476033,0.457390618
Singapore,SGP,1990,3.296808951,0,0,0.724912176,0.112554114,0.924948156,2.538706606,0.30463262,4.535282551,19.00038654,2.598570103,1.155383747,5.376310049,2.40559166,4.791971607,7.414798727,0.059948648,4.966630639,8.802519991,14.37603363,7.622254524,3.44685865,0.137127318,2.691843649,2.080384352
Slovakia,SVK,1990,2.235791877,0.000257438,0,0.630406849,0.146658915,1.483284627,1.225716381,0.608297973,2.970429202,30.45234512,5.145219004,0.626714969,4.091606992,2.778555926,1.753857507,5.407091046,0.056595249,6.996509712,4.487319347,14.69507558,4.108124764,3.712139762,0.054949641,4.130115183,1.927524578
Slovenia,SVN,1990,4.19266267,0.007644777,8.70E-05,0.533849197,0.047127609,1.546893198,1.32573601,0.503095203,2.652640481,24.06592768,6.048386343,0.566080542,1.969824008,1.73605281,3.110739592,5.51811701,0.039516923,7.299224517,5.276753862,15.90155279,5.318249507,4.401885192,0.06404596,5.529668047,2.134804778
Solomon Islands,SLB,1990,2.047509066,0.032996634,0,0.922765435,3.669077195,0.357985543,1.165825644,8.936708293,3.839558473,16.93786511,2.405322335,2.504247499,13.73337499,6.746385207,3.297198687,4.300543398,1.283754924,5.061081754,1.814512795,4.194583914,2.045252637,1.460389677,3.040967343,2.631956006,0.846524908
Somalia,SOM,1990,0.268919935,0.000296894,2.220037368,0.369613706,10.38162209,0.130376986,0.452402108,9.613471131,0.851152337,3.15304249,1.301260211,8.19969935,19.37805281,10.01418009,1.214733951,3.752994332,1.123462086,2.220889752,0.562041135,1.573946592,1.164738228,0.587661165,0.626544507,1.152596385,0.393233472
South Africa,ZAF,1990,1.930779844,0.00595793,0.144832024,7.027259281,0.940760048,1.481309859,0.935696237,8.971669799,2.478761139,6.306340384,2.143559592,3.120027639,15.27906915,10.11702177,2.603005436,4.807681663,0.824113311,4.034232643,2.056080629,4.552189599,2.985163624,2.1068924,2.931536962,6.387442415,1.438782975
South Korea,KOR,1990,2.205251214,0.077636991,0.009870353,0.522784358,0.291329017,2.044924642,2.180672575,0.323060856,2.984888332,18.1519855,6.691160228,1.978674745,3.98884182,2.608247718,2.773167572,5.705203202,0.084852646,8.280761578,7.306308123,12.8465739,5.127930591,3.613921627,0.126295374,7.684779297,1.550498082
South Sudan,SSD,1990,0.222452448,0,0.128183458,0.325536663,14.4938528,0.174897287,0.552293709,7.875302654,0.877033527,2.953959124,1.346921316,11.86900331,18.5885719,12.11492414,1.110740125,4.898232413,0.711002189,2.291400915,0.702582398,1.845012144,1.446904186,0.814398265,1.612035174,1.170298804,0.540019793
Spain,ESP,1990,1.220423677,0.004363815,0.027495848,0.307925881,0.114789331,1.682786619,2.390214403,0.255888701,4.361542274,19.09894859,4.50228688,0.598327341,1.96678801,1.574591324,4.708718459,6.194518731,0.032506984,4.38402088,7.805322142,17.16711814,7.325081395,5.495023661,1.116373829,4.847073446,2.464317171
Sri Lanka,LKA,1990,6.550918352,0.039359193,7.443521365,1.442734063,1.447557868,0.969276082,1.803078998,3.112484764,3.461065763,13.45719793,3.291727884,2.658420516,4.935858547,7.605043143,4.632541172,5.765596237,0.387364008,5.737532095,4.319017207,4.664648895,4.451296467,3.358989305,0.113583209,2.722433101,2.264684122
Sudan,SDN,1990,0.383091526,0.000473082,2.006017146,0.076548237,2.743415322,0.131591377,0.452015769,10.98694761,0.856742095,7.956424876,1.131765759,2.750380446,8.612300577,18.40893029,1.305772482,11.12035949,1.069719089,4.832937983,1.044197907,1.643617069,1.914340565,1.244140302,0.47905624,2.400955569,0.613060758
Suriname,SUR,1990,3.001217946,0,0.017473267,1.449894933,2.933405801,0.769702099,1.661603273,4.419238439,4.567051392,13.9278992,3.974776135,2.39089466,4.005754305,14.57717736,1.862397076,6.563587391,0.362217594,5.246544107,3.201706802,5.949182663,4.843067241,3.203091622,2.915803117,3.731984132,1.72047136
Sweden,SWE,1990,2.80264382,0.001719184,0.001977288,0.404974132,0.010628367,1.800705228,2.090736683,0.243977338,2.551696927,27.54200244,2.666853796,0.419640568,2.514502569,1.20883441,4.063819039,6.142773207,0.02788696,4.583159033,8.019862194,16.43737839,6.687815996,5.635197003,0.140849624,2.143677591,1.636112778
Switzerland,CHE,1990,3.637005397,0.010538456,0.002630397,0.419719013,0.010202481,3.047629152,2.19666407,0.264775625,2.932144908,19.55338661,2.373541607,0.432559569,2.101036306,1.333246227,3.937214789,6.532182485,0.026623455,6.488281874,10.14772279,16.19461021,7.665956406,5.341266121,0.068027451,3.174368322,1.722363333
Syria,SYR,1990,0.340657475,0,0.353517346,0.349131709,0.280936294,0.308365207,1.113863363,2.979625077,2.60853407,17.32341014,1.697954369,2.231937418,6.269206121,20.46216862,1.93190265,13.03472473,0.613513049,3.240899553,2.565697254,3.617350606,4.448781962,2.404586375,0.176886931,2.818842956,1.268587193
Taiwan,TWN,1990,1.743823067,0.01261076,0,0.988181522,0.342746025,1.251663918,2.883010715,0.551912903,5.698765205,15.68425867,5.514582169,1.188549794,3.746605231,1.464026071,3.339396973,6.070646429,0.08681769,7.716359483,8.220235022,12.79353882,5.358157245,3.716573257,0.061066089,8.651942114,2.359428396
Tajikistan,TJK,1990,0.529835111,0.105936893,0,0.679953414,2.166389357,0.765439664,1.261135741,13.04092171,0.941100354,9.677063538,3.052057392,1.324373319,26.27245192,10.30457561,1.807241085,4.507639239,0.337025456,5.951108294,1.745790887,4.662694379,2.256631462,2.291150795,0.126322564,1.842955365,1.064806632
Tanzania,TZA,1990,0.314372567,0.049879856,0.000397474,0.441252204,12.88878891,0.176154895,0.66088465,10.34172961,0.925094623,3.090862323,1.437874896,5.129372924,17.89571103,11.04825155,0.900676906,5.438902478,1.048042913,2.035844693,0.76578093,2.120435153,1.427261106,0.762660001,10.93645024,1.106204314,0.578338479
Thailand,THA,1990,2.276974796,0.021211323,0.029875893,3.324507849,1.983993783,1.060232272,2.132822066,2.996350457,4.158039773,10.08664897,3.804660573,1.361459189,6.635818544,6.388026271,3.894240855,6.310397803,0.309797615,6.235512248,5.355824367,8.964684117,4.472764756,3.735328458,0.583416535,8.322379005,2.333695989
Timor,TLS,1991,0.467765549,0,4.861693457,0.335374073,5.266851467,0.222025991,0.818425385,7.236903181,1.17041877,3.172362186,1.55203807,7.106583684,22.60202784,13.46225403,1.770159425,5.392084078,1.460658689,3.202713108,1.36598997,1.89740982,1.573792999,1.074322411,0.806616701,1.360198651,0.830940988
Togo,TGO,1990,0.308484224,0,2.06E-05,0.408001697,11.91036024,0.124184925,0.587386034,22.78140175,0.960878783,3.332368027,1.69118824,3.279695588,11.80787821,15.29339686,1.108078404,6.091315885,1.128344736,2.046096864,0.877642823,1.563882436,1.561311731,1.277997712,1.354507873,2.227620099,0.571651226
Tokelau,TKL,1997,1.654591893,0,0,0.965376163,0.309718702,0.526454804,1.912023225,2.292322785,8.218803655,21.37008837,2.946931847,2.503297459,7.483438406,7.063730165,6.158684533,5.09201851,0.675848824,3.056242643,4.208805195,7.45184084,3.559112909,3.237924825,0.984029755,2.803201682,2.053020619
Tonga,TON,1990,0.79695902,0.247224538,0,1.656249578,1.840030542,0.58788418,2.458447676,1.599545354,7.491013147,12.32984558,4.307955204,2.4609914,6.600761472,9.332773351,4.116666028,5.31439785,0.633849445,4.429439271,5.06099026,9.322637325,4.360204905,3.195428306,1.065637633,2.2715004,1.966646348
Trinidad and Tobago,TTO,1990,2.388496566,0,0.603697069,1.766230825,0.328856252,0.883732817,1.704835441,0.974091727,10.17002938,19.14593962,3.483338951,1.905650264,3.729904891,9.076785731,2.095767842,7.434406154,0.2854186,4.490229442,4.145597754,8.415686632,5.467732465,3.720561758,1.525306401,3.14765385,1.901670219
Tunisia,TUN,1992,0.628735863,0.004392036,0.001355184,0.323242391,0.235558224,0.463626095,1.362112193,1.179398409,2.692494016,15.29740858,1.883146031,1.000065075,5.952298671,17.02715735,2.085328789,13.98269283,0.452709277,6.421017429,4.044010766,4.878744421,6.488677334,3.529123899,0.174993064,5.754162304,1.898003079
Turkey,TUR,1993,0.774303577,0.053344512,0.74800292,0.774348852,0.250692519,0.449446843,1.373631767,1.524783434,3.57009742,13.19355073,1.734726593,1.602176929,9.902879122,15.80348612,2.926438948,12.169724,0.410381452,3.444028063,4.501653653,7.951241234,4.819590442,3.777036295,0.102344896,2.638631328,1.414388784
Turkmenistan,TKM,1990,0.881054806,0,0,0.847846705,0.221774192,0.952560919,1.332208081,7.323408958,1.625227373,14.16694303,3.018135727,1.364549139,26.67352228,9.426754563,1.742094446,5.35036363,0.254565765,6.879219873,1.944804381,5.153800184,2.573765295,2.160650835,0.240589725,2.50048255,1.133711594
Tuvalu,TUV,1990,1.815517408,0,0,0.870282953,0.254351045,0.383973096,1.167659721,2.54908181,5.308803173,17.6430491,2.881472287,2.854554307,13.88801071,11.83419981,5.587046301,5.52157646,0.669853771,3.660627546,2.69317453,5.758551403,2.314225913,1.891564451,0.878993259,3.429475258,1.195298901
Uganda,UGA,1990,0.182284004,0,0.573767005,0.294213325,20.19030647,0.105686311,0.458093822,8.331483198,0.649713405,1.936492277,0.955049151,3.610641067,8.861638606,10.39302489,0.91616841,3.241703355,0.367164391,1.272128962,0.517806793,1.365736926,1.320156835,0.607986133,23.83704348,0.912572633,0.298997103
Ukraine,UKR,1991,2.422062819,0.008603395,0,1.270761503,0.126228313,2.837325703,0.991127579,0.331170063,1.34899926,31.70627972,3.048305575,0.49514046,1.767737777,2.280335492,4.185759593,4.834237217,0.078573175,8.03068815,4.368820144,15.34610559,4.25169595,3.289619968,0.42898538,3.941021008,2.169871656
United Arab Emirates,ARE,1991,1.464181573,0,0.029695795,0.614422905,0.109789123,1.633152819,1.651377497,1.076740216,4.172028466,12.90737986,1.559524884,1.466634784,2.731282994,6.860550533,4.54706058,12.4901407,0.187956818,7.308886442,5.310485608,6.059243938,7.879317957,4.591730211,0.14927782,11.02482996,1.56170125
United Kingdom,GBR,1990,1.425674249,0.019169971,0.040982631,0.274987022,0.018689567,1.559688965,2.101288871,0.176009446,2.3583974,25.84074934,2.91028093,0.531846951,2.969570229,1.739651712,5.892712946,6.136112049,0.038639895,3.454249817,8.401983012,18.47705476,6.170814661,5.03366105,0.170145023,1.80788891,2.15021842
United States,USA,1990,1.886516581,0.013626398,0.001667478,1.967325901,0.085748782,2.803013372,2.069174556,0.257246403,3.586509715,19.8289218,3.092326558,0.343163683,1.959975314,2.635395805,4.843826377,5.570644399,0.061278819,4.109686446,10.59077286,15.28937226,6.193336351,4.672760021,1.840151158,3.924978342,2.023136174
United States Virgin Islands,VIR,1990,1.107926276,0,0.008815567,6.592786162,0.273258518,2.127291921,1.881063691,0.648650897,5.949357918,17.67645191,4.117090333,1.741099574,1.898351385,6.885959551,1.964868862,6.718096215,0.219200056,4.616423619,5.000381967,11.42020917,5.850275015,3.949645202,1.671441175,4.199012085,2.256557305
Uruguay,URY,1990,1.409474659,0,0.00055882,0.802537655,0.190168417,1.115558148,1.863630482,0.674950439,2.784575489,20.69144948,3.359120199,1.068531694,2.712404791,5.402552845,3.634413939,6.902985548,0.123616781,7.481278781,6.496285474,18.65704936,5.097791466,3.665519736,0.309489311,2.779580653,1.963202273
Uzbekistan,UZB,1990,0.99858378,0,0.001720097,0.880675703,0.309743624,1.079259567,1.648800721,4.814751669,1.96971956,14.01537645,3.061905054,2.686489141,21.83396052,10.50271152,2.111935951,5.239540542,0.235526641,7.439778949,2.479510656,5.712181785,3.138305625,2.748814141,0.14765636,2.73872852,1.401173535
Vanuatu,VUT,1990,2.171632772,0.06043015,0,0.290406453,8.186677379,0.4320574,1.591199131,5.72623065,2.916631019,15.46939765,3.057394809,2.343154601,9.220050763,11.09083091,4.689942685,4.642210553,0.569892243,3.793926074,2.947066564,3.96442272,2.937805173,2.039483237,1.644580643,3.140394791,1.184174088
Venezuela,VEN,1990,1.049203394,0.001968405,0.084236593,3.356037562,1.673974423,1.039029117,1.50043366,5.572255582,3.524212923,11.50617725,3.524946148,1.824878902,5.249345149,12.76453809,1.876812609,7.218821599,0.492745335,6.534935759,4.722286133,7.178392839,5.032645528,3.632080224,0.823818661,6.247434162,1.88099628
Vietnam,VNM,1990,1.202622048,0.06060771,0.000938115,0.563956544,2.000352697,0.722647649,1.891099776,3.581772452,3.191436936,12.62769501,3.449081189,2.200486986,11.7176901,11.50431245,2.981152398,5.829160053,0.294158012,7.353229584,3.746166306,5.878538757,3.291498943,2.840961762,0.308264341,3.99148874,2.122338978
World,OWID_WRL,1991,1.410834411,0.389273898,0.271074929,0.963345485,3.653425812,0.905435735,1.192656915,8.055292808,1.992888468,10.8547001,2.792137691,3.286400176,11.83657589,10.43796674,3.328400691,5.880186273,0.728324257,5.001332808,3.283468591,6.43010953,3.16221449,2.244696267,1.397144081,2.927767074,1.414596404
Yemen,YEM,1990,0.290351629,0.013910212,0.122483775,0.183752632,4.265687826,0.108395981,0.506256337,15.38443788,0.677705021,6.6055809,1.081502549,4.391105388,9.544915066,20.2534224,1.207078719,10.03873043,0.937386439,3.494634374,1.026842913,1.4594746,1.997790056,1.125161878,0.284827417,4.757549014,0.502948548
Zambia,ZMB,1990,0.319025094,0,0.043761765,0.396056458,10.43898062,0.193087125,0.530936571,11.56512999,0.994114581,2.843170865,1.803889069,5.237714616,18.2874544,9.244356582,0.857564018,4.820665094,0.775556084,2.228759371,0.604572467,2.186602815,1.203319973,0.882423499,11.32765323,1.317004764,0.434173238
Zimbabwe,ZWE,1990,0.927328807,0,0.035700395,1.005319709,6.792938551,0.627422676,0.927877331,4.650422116,1.531481625,4.812231426,2.057979274,3.870750898,14.35725142,12.88630872,1.311537717,4.087207527,1.056913197,2.935249122,1.533729253,3.455854529,2.232313265,1.659269017,16.14855802,2.308951184,1.032554267
